类型,名称
关卡门票,七色祥云
关卡门票,桃心钥匙
关卡门票,欢乐假期入场券
关卡门票,游乐场门票
关卡门票,鹊羽
关卡门票,鹊鸟的羽毛
卡片合成道具,包装纸
卡片合成道具,南瓜
卡片合成道具,咖啡粉
卡片合成道具,守护之翼
卡片合成道具,弹簧
卡片合成道具,强化剂
卡片合成道具,插座
卡片合成道具,权杖碎片
卡片合成道具,棉线
卡片合成道具,橄榄油
卡片合成道具,火柴
卡片合成道具,爆竹引线
卡片合成道具,爆竹红纸
卡片合成道具,玻璃器皿
卡片合成道具,珍珠
卡片合成道具,石蜡
卡片合成道具,磁铁
卡片合成道具,粽叶
卡片合成道具,紫菜
卡片合成道具,能量宝石
卡片合成道具,蛋糕卷
卡片合成道具,蜜枣
卡片合成道具,酥油
卡片合成道具,面团
卡片合成道具,饭团
卡片合成道具,魔法烤炉
卡片合成配方,冰煮蛋器投手配方
卡片合成配方,南瓜灯配方
卡片合成配方,月饼配方
卡片合成配方,极寒冰沙配方
卡片合成配方,爆竹配方
卡片合成配方,磁铁饭团配方
卡片合成配方,粽子配方
卡片合成配方,蛋糕配方
卡片合成配方,蜡烛配方
卡片合成配方,防空贝壳配方
卡片合成配方,雅典娜守护配方
卡片合成配方,龙虾配方
宝石,产能宝石
宝石,哨声宝石
宝石,回火宝石
宝石,星光宝石
宝石,棕色皮肤
宝石,水源宝石
宝石,白色皮肤
宝石,紫色皮肤
宝石,蓝色皮肤
宝石,面粉宝石
宝石,黄色皮肤
宝石,黑色皮肤
强化道具,6级四叶草
强化道具,SSR四叶草
强化道具,SSS四叶草
强化道具,SS四叶草
强化道具,圣灵香料
强化道具,蛇年纪念四叶草
强化道具,超能四叶草
强化道具,马年纪念四叶草
技能书-可合成卡片,三向冰冻小笼包-究极技能书
技能书-可合成卡片,三向国王小笼包-究极技能书
技能书-可合成卡片,三向小笼包-究极技能书
技能书-可合成卡片,三线酒架-究极技能书
技能书-可合成卡片,仙人掌刺身-究极技能书
技能书-可合成卡片,全能糖球投手-究极技能书
技能书-可合成卡片,关东煮喷锅-究极技能书
技能书-可合成卡片,冰冻小笼包-究极技能书
技能书-可合成卡片,冰块冷萃机-究极技能书
技能书-可合成卡片,冰煮蛋器投手-究极技能书
技能书-可合成卡片,加速榨汁机-究极技能书
技能书-可合成卡片,双向水管-究极技能书
技能书-可合成卡片,双层冰冻小笼包-究极技能书
技能书-可合成卡片,双层小笼包-究极技能书
技能书-可合成卡片,咖啡壶-究极技能书
技能书-可合成卡片,咖喱龙虾炮-究极技能书
技能书-可合成卡片,国王小笼包-究极技能书
技能书-可合成卡片,巧克力投手-究极技能书
技能书-可合成卡片,巧克力面包-究极技能书
技能书-可合成卡片,怪味鱿鱼-究极技能书
技能书-可合成卡片,梦幻多拿滋-究极技能书
技能书-可合成卡片,棉花糖-究极技能书
技能书-可合成卡片,海盐粉-究极技能书
技能书-可合成卡片,炙烤灯笼鱼-究极技能书
技能书-可合成卡片,炭烧海星-究极技能书
技能书-可合成卡片,炸炸菇-究极技能书
技能书-可合成卡片,烤蜥蜴投手-究极技能书
技能书-可合成卡片,热狗大炮-究极技能书
技能书-可合成卡片,煮蛋器投手-究极技能书
技能书-可合成卡片,猫猫箱-究极技能书
技能书-可合成卡片,瓜皮护罩-究极技能书
技能书-可合成卡片,生煎锅-究极技能书
技能书-可合成卡片,糖葫芦炮弹-究极技能书
技能书-可合成卡片,耗油双菇-究极技能书
技能书-可合成卡片,肥牛火锅-究极技能书
技能书-可合成卡片,臭豆腐投手-究极技能书
技能书-可合成卡片,色拉投手-究极技能书
技能书-可合成卡片,苏打气泡-究极技能书
技能书-可合成卡片,莓果点心-究极技能书
技能书-可合成卡片,菠萝爆炸面包-究极技能书
技能书-可合成卡片,辣椒粉-究极技能书
技能书-可合成卡片,迷你披萨炉-究极技能书
技能书-可合成卡片,金箔甜筒-究极技能书
技能书-可合成卡片,防风草沙拉-究极技能书
技能书-可合成卡片,雅典娜守护-初级技能书
技能书-可合成卡片,雅典娜守护-究极技能书
技能书-可合成卡片,雅典娜守护-终极技能书
技能书-可合成卡片,雅典娜守护-高级技能书
技能书-可合成卡片,雪糕投手-究极技能书
技能书-可合成卡片,雷电长棍面包-究极技能书
技能书-可合成卡片,香肠-究极技能书
技能书-可合成卡片,香辣年糕蟹-究极技能书
技能书-可合成卡片,鱼刺-究极技能书
技能书-可合成卡片,麦芽糖-究极技能书
技能书-可合成卡片,麻辣香锅-究极技能书
背包,探险者饭盒
背包,提拉米苏的新款饭盒
背包,提拉米苏的最新款饭盒
背包,提拉米苏的饭盒
背包,新手背包
背包,美食冒险者行囊
背包,美食初心者行囊
背包,美食勇者行囊
背包,美食英雄行囊
背包,菜鸟饭盒
